{
  "products": [
    {
      "id": 1,
      "name": "Armoire",
      "description": "An armoire can start in your bedroom to hold all your baby clothes, blankets and more. As you grow it can house toys, as a teen, it may cover a TV and video games. When you have your first apartment, put it in the living room as an entertainment center and it could move to an office for your printer and office supply storage.  Big bathroom but no closets? I see this alot in older homes.",
      "imageUrl": "https://th.bing.com/th/id/OIP.9E9j76rWtarAL-VQr_Y6pQHaJ6?w=185&h=248&c=7&r=0&o=5&pid=1.7",
      "price": 299
    },
    {
      "id": 2,
      "name": "Bench",
      "description": "Here is a classic style that can go from the entry, to the end of a bed, to under a child’s window. The shelves can house everything from shoes to extra blankets to books and toys.  The top is made to accept a cushion that you can easily sew yourself and update as your colors change or the location of your bench changes.",
      "imageUrl": "http://mattandshari.com/wp-content/uploads/2014/04/must-have-2-300x230.jpg",
      "price": 199
    },
    {
      "id": 3,
      "name": "Comfy Chair",
      "description": "the comfy chair has to be comfy for YOU! Yes, style and color are important because you want your chair to fit your style and that makes it even better, but the main ingredient here is comfort. There are chairs that open to become recliners, some swivel and some rock.  You might prefer a chair with an ottoman. Whatever your comfort needs are, shop until you drop to find just the right chair.  If you buy quality and take care of it, it can last you a lifetime.",
      "imageUrl": "http://mattandshari.com/wp-content/uploads/2014/04/must-have-3-284x300.jpg",
      "price": 399
    },
    {
      "id": 4,
      "name": "Chest",
      "description": "This is perfect because it doesn’t take up as much space a couple of night stands would, yet it holds individual lamps and could be filled with anything from clothing to bedtime novels to midnight snacks! Then, someday you might consider moving this chest to an entry and add a pretty mirror above it with a lamp and floral arrangement. It could work nicely as a side table to a sofa, a hall table, even in a bathroom for towel and soap storage.",
      "imageUrl": "https://b3h2.scene7.com/is/image/BedBathandBeyond/308111668950125p?$imagePLP$&wid=256&hei=256",
      "price": 499
    },
    {
      "id": 5,
      "name": "Desk",
      "description": " you can start by putting it in your “home office”, but one day you could bring it into the living room or family room and let it double as a desk and sofa table.  This is great if you want to keep your eyes on your kids while they do their homework or use the internet. A nice desk could be interesting at the foot of  the bed if you can’t give up an entire bedroom for office space. And, if it is narrow enough, you might be able to use it in a closet “office” with storage built around it!",
      "imageUrl": "http://mattandshari.com/wp-content/uploads/2014/04/must-have-5-300x297.png",
      "price": 99
    }
  ],
  "wishlist": [
    {
      "id": 1
    },
    {
      "id": 3
    },
    {
      "id": 4
    }
  ],
  "cart": [
    {
      "product": {
        "id": 1,
        "name": "Armoire",
        "description": "An armoire can start in your bedroom to hold all your baby clothes, blankets and more. As you grow it can house toys, as a teen, it may cover a TV and video games. When you have your first apartment, put it in the living room as an entertainment center and it could move to an office for your printer and office supply storage.  Big bathroom but no closets? I see this alot in older homes.",
        "imageUrl": "https://th.bing.com/th/id/OIP.9E9j76rWtarAL-VQr_Y6pQHaJ6?w=185&h=248&c=7&r=0&o=5&pid=1.7",
        "price": 299
      },
      "id": 1
    },
    {
      "product": {
        "id": 2,
        "name": "Bench",
        "description": "Here is a classic style that can go from the entry, to the end of a bed, to under a child’s window. The shelves can house everything from shoes to extra blankets to books and toys.  The top is made to accept a cushion that you can easily sew yourself and update as your colors change or the location of your bench changes.",
        "imageUrl": "http://mattandshari.com/wp-content/uploads/2014/04/must-have-2-300x230.jpg",
        "price": 199
      },
      "id": 2
    },
    {
      "product": {
        "id": 3,
        "name": "Comfy Chair",
        "description": "the comfy chair has to be comfy for YOU! Yes, style and color are important because you want your chair to fit your style and that makes it even better, but the main ingredient here is comfort. There are chairs that open to become recliners, some swivel and some rock.  You might prefer a chair with an ottoman. Whatever your comfort needs are, shop until you drop to find just the right chair.  If you buy quality and take care of it, it can last you a lifetime.",
        "imageUrl": "http://mattandshari.com/wp-content/uploads/2014/04/must-have-3-284x300.jpg",
        "price": 399
      },
      "id": 3
    },
    {
      "product": {
        "id": 1,
        "name": "Armoire",
        "description": "An armoire can start in your bedroom to hold all your baby clothes, blankets and more. As you grow it can house toys, as a teen, it may cover a TV and video games. When you have your first apartment, put it in the living room as an entertainment center and it could move to an office for your printer and office supply storage.  Big bathroom but no closets? I see this alot in older homes.",
        "imageUrl": "https://th.bing.com/th/id/OIP.9E9j76rWtarAL-VQr_Y6pQHaJ6?w=185&h=248&c=7&r=0&o=5&pid=1.7",
        "price": 299
      },
      "id": 4
    },
    {
      "product": {
        "id": 2,
        "name": "Bench",
        "description": "Here is a classic style that can go from the entry, to the end of a bed, to under a child’s window. The shelves can house everything from shoes to extra blankets to books and toys.  The top is made to accept a cushion that you can easily sew yourself and update as your colors change or the location of your bench changes.",
        "imageUrl": "http://mattandshari.com/wp-content/uploads/2014/04/must-have-2-300x230.jpg",
        "price": 199
      },
      "id": 5
    },
    {
      "product": {
        "id": 3,
        "name": "Comfy Chair",
        "description": "the comfy chair has to be comfy for YOU! Yes, style and color are important because you want your chair to fit your style and that makes it even better, but the main ingredient here is comfort. There are chairs that open to become recliners, some swivel and some rock.  You might prefer a chair with an ottoman. Whatever your comfort needs are, shop until you drop to find just the right chair.  If you buy quality and take care of it, it can last you a lifetime.",
        "imageUrl": "http://mattandshari.com/wp-content/uploads/2014/04/must-have-3-284x300.jpg",
        "price": 399
      },
      "id": 6
    },
    {
      "product": {
        "id": 3,
        "name": "Comfy Chair",
        "description": "the comfy chair has to be comfy for YOU! Yes, style and color are important because you want your chair to fit your style and that makes it even better, but the main ingredient here is comfort. There are chairs that open to become recliners, some swivel and some rock.  You might prefer a chair with an ottoman. Whatever your comfort needs are, shop until you drop to find just the right chair.  If you buy quality and take care of it, it can last you a lifetime.",
        "imageUrl": "http://mattandshari.com/wp-content/uploads/2014/04/must-have-3-284x300.jpg",
        "price": 399
      },
      "id": 7
    },
    {
      "product": {
        "id": 2,
        "name": "Bench",
        "description": "Here is a classic style that can go from the entry, to the end of a bed, to under a child’s window. The shelves can house everything from shoes to extra blankets to books and toys.  The top is made to accept a cushion that you can easily sew yourself and update as your colors change or the location of your bench changes.",
        "imageUrl": "http://mattandshari.com/wp-content/uploads/2014/04/must-have-2-300x230.jpg",
        "price": 199
      },
      "id": 8
    },
    {
      "product": {
        "id": 1,
        "name": "Armoire",
        "description": "An armoire can start in your bedroom to hold all your baby clothes, blankets and more. As you grow it can house toys, as a teen, it may cover a TV and video games. When you have your first apartment, put it in the living room as an entertainment center and it could move to an office for your printer and office supply storage.  Big bathroom but no closets? I see this alot in older homes.",
        "imageUrl": "https://th.bing.com/th/id/OIP.9E9j76rWtarAL-VQr_Y6pQHaJ6?w=185&h=248&c=7&r=0&o=5&pid=1.7",
        "price": 299
      },
      "id": 9
    },
    {
      "product": {
        "id": 3,
        "name": "Comfy Chair",
        "description": "the comfy chair has to be comfy for YOU! Yes, style and color are important because you want your chair to fit your style and that makes it even better, but the main ingredient here is comfort. There are chairs that open to become recliners, some swivel and some rock.  You might prefer a chair with an ottoman. Whatever your comfort needs are, shop until you drop to find just the right chair.  If you buy quality and take care of it, it can last you a lifetime.",
        "imageUrl": "http://mattandshari.com/wp-content/uploads/2014/04/must-have-3-284x300.jpg",
        "price": 399
      },
      "id": 10
    },
    {
      "product": {
        "id": 2,
        "name": "Bench",
        "description": "Here is a classic style that can go from the entry, to the end of a bed, to under a child’s window. The shelves can house everything from shoes to extra blankets to books and toys.  The top is made to accept a cushion that you can easily sew yourself and update as your colors change or the location of your bench changes.",
        "imageUrl": "http://mattandshari.com/wp-content/uploads/2014/04/must-have-2-300x230.jpg",
        "price": 199
      },
      "id": 11
    },
    {
      "product": {
        "id": 1,
        "name": "Armoire",
        "description": "An armoire can start in your bedroom to hold all your baby clothes, blankets and more. As you grow it can house toys, as a teen, it may cover a TV and video games. When you have your first apartment, put it in the living room as an entertainment center and it could move to an office for your printer and office supply storage.  Big bathroom but no closets? I see this alot in older homes.",
        "imageUrl": "https://th.bing.com/th/id/OIP.9E9j76rWtarAL-VQr_Y6pQHaJ6?w=185&h=248&c=7&r=0&o=5&pid=1.7",
        "price": 299
      },
      "id": 12
    },
    {
      "product": {
        "id": 2,
        "name": "Bench",
        "description": "Here is a classic style that can go from the entry, to the end of a bed, to under a child’s window. The shelves can house everything from shoes to extra blankets to books and toys.  The top is made to accept a cushion that you can easily sew yourself and update as your colors change or the location of your bench changes.",
        "imageUrl": "http://mattandshari.com/wp-content/uploads/2014/04/must-have-2-300x230.jpg",
        "price": 199
      },
      "id": 13
    },
    {
      "product": {
        "id": 5,
        "name": "Desk",
        "description": " you can start by putting it in your “home office”, but one day you could bring it into the living room or family room and let it double as a desk and sofa table.  This is great if you want to keep your eyes on your kids while they do their homework or use the internet. A nice desk could be interesting at the foot of  the bed if you can’t give up an entire bedroom for office space. And, if it is narrow enough, you might be able to use it in a closet “office” with storage built around it!",
        "imageUrl": "http://mattandshari.com/wp-content/uploads/2014/04/must-have-5-300x297.png",
        "price": 99
      },
      "id": 14
    }
  ],
  "posts": [
    {
      "id": 1,
      "title": "json-server",
      "author": "typicode"
    }
  ],
  "comments": [
    {
      "id": 1,
      "body": "some comment",
      "postId": 1
    }
  ],
  "profile": {
    "name": "typicode"
  }
}